word,frequency
not,288
release,208
because,147
score,109
more,108
experience,106
business,104
clear,103
scores,97
overall,96
positive,94
negative,93
which,82
very,79
issues,76
all,74
engagement,71
easy,69
usability,67
too,66
there,62
given,58
notification,58
already,58
clarity,57
data,56
approval,56
attractiveness,55
evaluation,53
information,53
social,52
some,52
quality,48
need,47
shows,47
low,46
trust,46
media,43
marketing,43
approved,42
friendly,41
while,41
dont,40
significant,40
risk,40
competitive,38
enough,38
efficiency,38
releasing,37
market,37
